sessionId,prolificID,timestamp,expGroup,day,food_collected,weapon_collected,distance_covered,enemies_killed,level_completed
9gmdrx2d2zgevg9ndu9s,604dcac5272f4771c6fbec10,2022-01-12 10:56:00.429,3,1,29.0,0.0,16108.0,0.0,1.0
au3nzp6b812wt0w32fos,55c33cbafdf99b2358302726,2022-01-12 10:57:09.169,2,1,31.0,0.0,12719.0,0.0,1.0
yelfrbgdgr6x87ea0wzh,,2022-01-12 10:57:31.586,3,1,6.0,0.0,911.0,0.0,1.0
b8sjg2rsm4ar12hm9zis,5fd0a63b103d5013ce072a93,2022-01-12 10:57:56.555,4,1,14.0,0.0,9124.0,0.0,1.0
x9aen5ccca0gr6qqadlp,5887951f5b971900013a03c0,2022-01-12 10:57:59.327,3,1,21.0,0.0,9259.0,0.0,1.0
bg96v2s44ybhffad4lzi,565bc6b5c121fe0012fc37d5,2022-01-12 10:58:06.227,4,1,33.0,0.0,19622.0,0.0,1.0
o6mr6lgbhvtz8ri628w7,5f41211aecc86b08e8912a4d,2022-01-12 10:58:07.696,2,1,28.0,0.0,10987.0,0.0,1.0
pa7m5mt2fjwtc442wjp9,5eebb8b7011d13119025dcf0,2022-01-12 10:58:10.441,3,1,27.0,0.0,12950.0,0.0,1.0
drkbcsbd8pzoozqax7ul,5e945bd5f0329801e7cebca0,2022-01-12 10:58:18.632,1,1,28.0,0.0,12902.0,0.0,1.0
u7cl28jtjhsh3klpyaoo,5d9a125f1714540016a40a27,2022-01-12 10:58:26.750,3,1,17.0,0.0,13463.0,0.0,1.0
9gmdrx2d2zgevg9ndu9s,604dcac5272f4771c6fbec10,2022-01-12 10:58:29.219,3,2,0.0,53.0,23505.0,6.0,1.0
u4z0v16ikz7ykvuotas4,5e38a7148a444d0c9ac32a89,2022-01-12 10:59:05.890,1,1,13.0,0.0,7320.0,0.0,1.0
10huyjw7gl6fnrf088oh,5fd105c4556d2e01e3f0125f,2022-01-12 10:59:17.390,4,1,23.0,0.0,11351.0,0.0,1.0
t9czd5sldclfi6massor,5fa85a35ded6106d217ce895,2022-01-12 10:59:47.195,3,1,42.0,0.0,18681.0,0.0,1.0
au3nzp6b812wt0w32fos,55c33cbafdf99b2358302726,2022-01-12 10:59:56.546,2,2,0.0,55.0,19555.0,0.0,1.0
26aajk6kmc1vqt28hg0z,5f90732aca2542124238ff43,2022-01-12 10:59:04.554,1,1,30.0,0.0,12979.0,0.0,1.0
q07dgx6f21t5rlnxby3l,5e822ccfc265ae069fc9a7cf,2022-01-12 10:59:58.493,3,1,6.0,0.0,2904.0,0.0,1.0
cqj1xofnsdohcmwyiacu,5d9c2aad1cda3a03034955cb,2022-01-12 11:00:09.553,2,1,38.0,0.0,18503.0,0.0,1.0
2wqs6q1bv7awvtqorqhh,5fa949031fdafd084c4d0812,2022-01-12 11:00:10.734,2,1,33.0,0.0,15115.0,0.0,1.0
k83tdsgt9yz8akyymyyk,5e3ae9c9d61d872fa5bcd580,2022-01-12 11:00:28.188,1,1,35.0,0.0,19334.0,0.0,1.0
b6rat4l6hb2uxabh8ocf,60a3d2a71edafcb728eeac55,2022-01-12 11:00:24.396,2,1,24.0,0.0,12119.0,0.0,1.0
b8sjg2rsm4ar12hm9zis,5fd0a63b103d5013ce072a93,2022-01-12 11:00:30.747,4,2,0.0,33.0,15196.0,4.0,1.0
punl2bceb44u3cacxi92,5424a0d1fdf99b691fb384e5,2022-01-12 11:00:34.406,1,1,16.0,0.0,13123.0,0.0,1.0
366vh6evbjuwvbbd7r4d,5decb11b9b8f2437f63f1d8b,2022-01-12 11:00:36.523,3,1,16.0,0.0,9004.0,0.0,1.0
o6mr6lgbhvtz8ri628w7,5f41211aecc86b08e8912a4d,2022-01-12 11:00:37.532,2,2,0.0,42.0,16190.0,0.0,1.0
os8yfbkf8f6oqiqbm91,60ba1f1fd9f2b2eb0633c28e,2022-01-12 11:00:39.098,4,1,17.0,0.0,6705.0,0.0,1.0
orwypm1psedxcafmr2vg,5f8370c6e0804f4fb492bcdc,2022-01-12 11:00:40.254,1,1,36.0,0.0,18979.0,0.0,1.0
x9aen5ccca0gr6qqadlp,5887951f5b971900013a03c0,2022-01-12 11:00:41.301,3,2,0.0,41.0,14711.0,0.0,1.0
nfrh1ldjda4no41012sp,60407d08a1523627f8428de6,2022-01-12 11:00:43.074,4,1,1.0,0.0,0.0,0.0,1.0
bg96v2s44ybhffad4lzi,565bc6b5c121fe0012fc37d5,2022-01-12 11:00:47.916,4,2,0.0,83.0,31161.0,10.0,1.0
d95gjrptbd4c2dpnuz7j,5d3aee4270937b000107ab19,2022-01-12 11:00:53.630,3,1,36.0,0.0,17587.0,0.0,1.0
m1es4aki89o1irxa0eld,5d373fe30a39ba0017b61dfd,2022-01-12 11:00:55.741,4,1,19.0,0.0,10334.0,0.0,1.0
gf9xe6asz1w70k2rlrhu,602daf128083d88797311416,2022-01-12 11:01:06.454,2,1,21.0,0.0,11385.0,0.0,1.0
u7cl28jtjhsh3klpyaoo,5d9a125f1714540016a40a27,2022-01-12 11:01:08.173,3,2,0.0,45.0,20812.0,0.0,1.0
u4z0v16ikz7ykvuotas4,5e38a7148a444d0c9ac32a89,2022-01-12 11:01:20.855,1,2,0.0,22.0,9911.0,5.0,1.0
t0wadmm76gur5fu57vdr,5baa7acf14779d0001a23968,2022-01-12 11:01:27.815,3,1,19.0,0.0,7876.0,0.0,1.0
2qhbszgo3z3n8shiqpap,5db7001df9ff21000bb7a536,2022-01-12 11:00:21.585,2,1,6.0,0.0,2155.0,0.0,1.0
qqa2rcije5jpbm480czg,5ec48013bb232536ccda920e,2022-01-12 11:01:30.962,4,1,34.0,0.0,18988.0,0.0,1.0
10huyjw7gl6fnrf088oh,5fd105c4556d2e01e3f0125f,2022-01-12 11:01:35.798,4,2,0.0,39.0,14865.0,9.0,1.0
1zvz9ztmmrzj4nw5lym1,5e81c7b87412d48be61aaaab,2022-01-12 11:01:50.558,4,1,12.0,0.0,6729.0,0.0,1.0
8e2apcpcq24i2w9razwg,5edf196f0ad20d1c592b6f29,2022-01-12 11:02:07.966,3,1,32.0,0.0,14851.0,0.0,1.0
q07dgx6f21t5rlnxby3l,5e822ccfc265ae069fc9a7cf,2022-01-12 11:02:05.065,3,2,0.0,18.0,8534.0,0.0,1.0
myo0bc7eljhf0mm19x4w,5fb665ecfcacdd37a36cf0b1,2022-01-12 11:02:10.814,4,1,13.0,0.0,9705.0,0.0,1.0
4zuhvxy96e5eu8ynkvm6,5f3abfead0362c14ef650c1a,2022-01-12 11:02:20.160,2,1,26.0,0.0,13367.0,0.0,1.0
26aajk6kmc1vqt28hg0z,5f90732aca2542124238ff43,2022-01-12 11:01:27.951,1,2,0.0,49.0,20654.0,2.0,1.0
t9czd5sldclfi6massor,5fa85a35ded6106d217ce895,2022-01-12 11:02:27.958,3,2,0.0,78.0,26918.0,0.0,1.0
bccer9u6i45vpc5emqww,5eeb4c3bcf5da7254a215ec8,2022-01-12 11:02:51.426,2,1,18.0,0.0,7214.0,0.0,1.0
bg96v2s44ybhffad4lzi,565bc6b5c121fe0012fc37d5,2022-01-12 11:02:37.051,4,3,76.0,0.0,11294.0,80.0,1.0
rbg2iefy7fmac88zdiba,5fb82c69c7bb9a1c5a45945f,2022-01-12 11:02:39.422,3,1,32.0,0.0,14409.0,0.0,1.0
cqj1xofnsdohcmwyiacu,5d9c2aad1cda3a03034955cb,2022-01-12 11:02:49.046,2,2,0.0,66.0,26015.0,0.0,1.0
k83tdsgt9yz8akyymyyk,5e3ae9c9d61d872fa5bcd580,2022-01-12 11:03:03.574,1,2,0.0,74.0,27479.0,7.0,1.0
x9aen5ccca0gr6qqadlp,5887951f5b971900013a03c0,2022-01-12 11:02:53.473,3,3,49.0,0.0,7612.0,53.0,1.0
10huyjw7gl6fnrf088oh,5fd105c4556d2e01e3f0125f,2022-01-12 11:03:05.152,4,3,30.0,0.0,5472.0,44.0,1.0
b6rat4l6hb2uxabh8ocf,60a3d2a71edafcb728eeac55,2022-01-12 11:03:08.042,2,2,0.0,62.0,26692.0,0.0,1.0
2wqs6q1bv7awvtqorqhh,5fa949031fdafd084c4d0812,2022-01-12 11:03:09.829,2,2,0.0,68.0,25142.0,1.0,1.0
orwypm1psedxcafmr2vg,5f8370c6e0804f4fb492bcdc,2022-01-12 11:03:12.448,1,2,0.0,76.0,31022.0,0.0,1.0
zaq2w912fadkkx19hn1k,5c93bd73642b0c00172314eb,2022-01-12 11:03:23.889,4,1,28.0,0.0,17999.0,0.0,1.0
gf9xe6asz1w70k2rlrhu,602daf128083d88797311416,2022-01-12 11:03:31.814,2,2,0.0,53.0,15311.0,5.0,1.0
rkdkdneojffr0sv5asbw,5d482406f0b00600163f0ea0,2022-01-12 11:06:45.170,3,1,0.0,0.0,9408.0,0.0,1.0
u7cl28jtjhsh3klpyaoo,5d9a125f1714540016a40a27,2022-01-12 11:03:38.516,3,3,46.0,0.0,8366.0,72.0,1.0
23tqded2yfo8fvtepnw6,60d0cf850c1a166ccdb8bc51,2022-01-12 11:03:41.689,4,1,6.0,0.0,5208.0,0.0,1.0
os8yfbkf8f6oqiqbm91,60ba1f1fd9f2b2eb0633c28e,2022-01-12 11:03:41.567,4,2,0.0,25.0,8596.0,2.0,1.0
acgkmqj16lb1nr3xywqo,6130b39c635981e26d804987,2022-01-12 11:03:40.686,1,1,32.0,0.0,19147.0,0.0,1.0
2qhbszgo3z3n8shiqpap,5db7001df9ff21000bb7a536,2022-01-12 11:02:44.424,2,2,0.0,22.0,8150.0,0.0,1.0
e6qff73kj0xaltse1nwp,5abd0b935cd105000161ea7b,2022-01-12 11:03:54.980,3,1,11.0,0.0,6360.0,0.0,1.0
8ks6zkzqboh06tdyrzce,5bec6a8b1209fb00011bb521,2022-01-12 11:04:02.408,3,1,19.0,0.0,14476.0,0.0,1.0
1zvz9ztmmrzj4nw5lym1,5e81c7b87412d48be61aaaab,2022-01-12 11:04:15.933,4,2,0.0,15.0,7248.0,3.0,1.0
m1es4aki89o1irxa0eld,5d373fe30a39ba0017b61dfd,2022-01-12 11:04:15.271,4,2,0.0,38.0,13425.0,3.0,1.0
366vh6evbjuwvbbd7r4d,5decb11b9b8f2437f63f1d8b,2022-01-12 11:04:25.111,3,2,0.0,48.0,17505.0,0.0,1.0
myo0bc7eljhf0mm19x4w,5fb665ecfcacdd37a36cf0b1,2022-01-12 11:04:41.477,4,2,0.0,20.0,15148.0,1.0,1.0
k83tdsgt9yz8akyymyyk,5e3ae9c9d61d872fa5bcd580,2022-01-12 11:04:54.230,1,3,59.0,0.0,13108.0,68.0,1.0
t9czd5sldclfi6massor,5fa85a35ded6106d217ce895,2022-01-12 11:04:43.543,3,3,55.0,0.0,10915.0,68.0,1.0
8e2apcpcq24i2w9razwg,5edf196f0ad20d1c592b6f29,2022-01-12 11:04:49.174,3,2,0.0,34.0,22151.0,3.0,1.0
4zuhvxy96e5eu8ynkvm6,5f3abfead0362c14ef650c1a,2022-01-12 11:04:45.307,2,2,0.0,39.0,18239.0,3.0,1.0
nqjiukzf5n7mu0kvhl51,5f2819bd40006109e1dc53d2,2022-01-12 11:04:57.132,4,1,22.0,0.0,8736.0,0.0,1.0
orwypm1psedxcafmr2vg,5f8370c6e0804f4fb492bcdc,2022-01-12 11:05:05.156,1,3,67.0,0.0,14692.0,67.0,1.0
2wqs6q1bv7awvtqorqhh,5fa949031fdafd084c4d0812,2022-01-12 11:05:11.057,2,3,39.0,0.0,12273.0,49.0,1.0
gf9xe6asz1w70k2rlrhu,602daf128083d88797311416,2022-01-12 11:05:15.286,2,3,72.0,0.0,5601.0,90.0,1.0
rbg2iefy7fmac88zdiba,5fb82c69c7bb9a1c5a45945f,2022-01-12 11:05:26.418,3,2,0.0,48.0,18964.0,0.0,1.0
os8yfbkf8f6oqiqbm91,60ba1f1fd9f2b2eb0633c28e,2022-01-12 11:05:29.056,4,3,12.0,0.0,2241.0,23.0,1.0
d95gjrptbd4c2dpnuz7j,5d3aee4270937b000107ab19,2022-01-12 11:05:34.855,3,2,0.0,45.0,23241.0,4.0,1.0
bccer9u6i45vpc5emqww,5eeb4c3bcf5da7254a215ec8,2022-01-12 11:05:54.734,2,2,0.0,29.0,10492.0,4.0,1.0
2f1veg9995ejuxa00l34,5c7aa97a6b5631001745891f,2022-01-12 11:05:44.425,4,1,26.0,0.0,8342.0,0.0,1.0
ka3p1cthtj9qweoc0bc9,5bf725d2120df400011a6dca,2022-01-12 11:05:46.679,3,1,12.0,0.0,5294.0,0.0,1.0
zaq2w912fadkkx19hn1k,5c93bd73642b0c00172314eb,2022-01-12 11:05:50.868,4,2,0.0,48.0,25012.0,5.0,1.0
23tqded2yfo8fvtepnw6,60d0cf850c1a166ccdb8bc51,2022-01-12 11:06:12.996,4,2,0.0,7.0,5520.0,0.0,1.0
acgkmqj16lb1nr3xywqo,6130b39c635981e26d804987,2022-01-12 11:06:32.075,1,2,0.0,55.0,24691.0,1.0,1.0
n06ewcyv4rw14omv0sdm,5e33dbbdde69fe398b7a72b2,2022-01-12 11:06:39.618,1,1,7.0,0.0,5097.0,0.0,1.0
294lln9evh2kbb1g5d06,5c74855693f74e001330f8fe,2022-01-12 11:06:22.622,1,1,12.0,0.0,10487.0,0.0,1.0
k0pfaw977kf1tladp3zz,5e821c975d81bb04ce7a43dd,2022-01-12 11:06:47.388,2,1,13.0,0.0,7094.0,0.0,1.0
nqjiukzf5n7mu0kvhl51,5f2819bd40006109e1dc53d2,2022-01-12 11:07:44.061,4,2,0.0,38.0,12686.0,0.0,1.0
ka3p1cthtj9qweoc0bc9,5bf725d2120df400011a6dca,2022-01-12 11:08:09.023,3,2,0.0,25.0,7536.0,4.0,1.0
2f1veg9995ejuxa00l34,5c7aa97a6b5631001745891f,2022-01-12 11:08:33.904,4,2,0.0,24.0,15052.0,0.0,1.0
294lln9evh2kbb1g5d06,5c74855693f74e001330f8fe,2022-01-12 11:08:53.104,1,2,0.0,37.0,18499.0,0.0,1.0
k0pfaw977kf1tladp3zz,5e821c975d81bb04ce7a43dd,2022-01-12 11:09:15.423,2,2,0.0,11.0,8232.0,0.0,1.0
nqjiukzf5n7mu0kvhl51,5f2819bd40006109e1dc53d2,2022-01-12 11:09:34.326,4,3,18.0,0.0,3945.0,19.0,1.0
wjxyauok89hyrbzlwbxd,5f29510421c44f014deba2f7,2022-01-12 11:10:10.495,1,1,19.0,0.0,10175.0,0.0,1.0
vkcrdyhh8mfrlon4ylkz,5f34061f0db3510e84e37928,2022-01-12 11:15:27.237,1,1,26.0,0.0,12959.0,0.0,1.0
knwl8dj88fw72bx0no1q,5e7d209bd29f753a4431970e,2022-01-11 17:04:49.093,1,1,21.0,0.0,16641.0,0.0,1.0
mwb5lwv8ugtooaeu65dx,56aa90d5638440000c8b506f,2022-01-11 17:06:02.010,2,1,23.0,0.0,15585.0,0.0,1.0
28sdk6eutjz34yxm7o8n,60bf3ce784b030603291417b,2022-01-11 17:07:21.328,2,1,27.0,0.0,13871.0,0.0,1.0
v0w8y1sqh1423eitsozu,60c1cdb64e1d8640aa230612,2022-01-11 17:07:30.594,4,1,0.0,0.0,6403.0,0.0,1.0
rw4vjanwlmo422awk874,5f25dc1995a9012b5f969e1f,2022-01-11 17:07:48.193,2,1,7.0,0.0,7905.0,0.0,1.0
ojbl7oyg3h52gyuf0r64,5e94a643b4f9c13268892d9c,2022-01-11 17:07:55.154,1,1,26.0,0.0,11505.0,0.0,1.0
g0r5srmg9us2bch4lq0z,5e0f649eabec5d678a6f11bb,2022-01-11 17:08:25.820,2,1,32.0,0.0,19718.0,0.0,1.0
9l3duazds9mawsglu0sc,5caba52b77250500165f1329,2022-01-11 17:08:35.808,3,1,27.0,0.0,11020.0,0.0,1.0
mwb5lwv8ugtooaeu65dx,56aa90d5638440000c8b506f,2022-01-11 17:09:40.489,2,2,0.0,45.0,19191.0,2.0,1.0
rw4vjanwlmo422awk874,5f25dc1995a9012b5f969e1f,2022-01-11 17:10:02.146,2,2,0.0,23.0,8326.0,5.0,1.0
ojbl7oyg3h52gyuf0r64,5e94a643b4f9c13268892d9c,2022-01-11 17:10:45.436,1,2,0.0,48.0,16583.0,2.0,1.0
g0r5srmg9us2bch4lq0z,5e0f649eabec5d678a6f11bb,2022-01-11 17:10:54.797,2,2,0.0,60.0,27411.0,0.0,1.0
9l3duazds9mawsglu0sc,5caba52b77250500165f1329,2022-01-11 17:11:18.575,3,2,0.0,36.0,19434.0,0.0,1.0
y4kcqlzvwi7u8d9rxujs,5d4725646cdbdf001a122fea,2022-01-11 17:11:37.469,4,1,22.0,0.0,10823.0,0.0,1.0
9l3duazds9mawsglu0sc,5caba52b77250500165f1329,2022-01-11 17:13:59.507,3,3,18.0,0.0,6715.0,53.0,1.0
y4kcqlzvwi7u8d9rxujs,5d4725646cdbdf001a122fea,2022-01-11 17:14:02.340,4,2,0.0,39.0,14766.0,3.0,1.0
y4kcqlzvwi7u8d9rxujs,5d4725646cdbdf001a122fea,2022-01-11 17:15:49.157,4,3,19.0,0.0,6801.0,33.0,1.0
1byafaand8oe3mbb7ttc,5eff88c6f119a1062044e6f9,2022-01-11 17:30:18.065,2,1,40.0,0.0,19963.0,0.0,1.0
02xo3fys2fujm3wbq0o6,5fc5b8714f337d14db11f49c,2022-01-11 17:30:36.749,2,1,18.0,0.0,13771.0,0.0,1.0
bi8cxhvcegg1u674okks,5f9d4170f629422451ac7fd8,2022-01-11 17:30:59.482,4,1,28.0,0.0,15374.0,0.0,1.0
oo6gl4gdnq92rc3k527t,5c9cc2f7f8c3ec00018ba185,2022-01-11 17:31:32.546,2,1,29.0,0.0,14534.0,0.0,1.0
kd4128e5bbaj58seahq4,5e2b7dccc3d5e41d565a4fe1,2022-01-11 17:31:59.761,1,1,37.0,0.0,15710.0,0.0,1.0
pu77ccu4xwl1fc5xsdq2,5ee23fe02976ed2df1653b84,2022-01-11 17:32:08.176,3,1,6.0,0.0,7099.0,0.0,1.0
4dupc35dkizwgzg71pxl,60a18b77106fd129331fdc42,2022-01-11 17:32:12.578,1,1,37.0,0.0,16439.0,0.0,1.0
yctrn8w6eimsjvqbftb4,59a0918cfc15d200014b9fe2,2022-01-11 17:32:22.476,4,1,16.0,0.0,10756.0,0.0,1.0
pbatxuenq2syq0fkdrq7,5bf566601423e10001d63586,2022-01-11 17:32:32.795,1,1,25.0,0.0,12777.0,0.0,1.0
1byafaand8oe3mbb7ttc,5eff88c6f119a1062044e6f9,2022-01-11 17:32:38.998,2,2,0.0,53.0,25348.0,9.0,1.0
fs0txpuqqabhpkgdn6iq,5fba3df58d95c874a476e0d7,2022-01-11 17:32:40.858,1,1,28.0,0.0,17265.0,0.0,1.0
cxctfor652yqes4e42yr,5eb40e49245b8622104636ec,2022-01-11 17:33:14.796,1,1,43.0,0.0,18911.0,0.0,1.0
pb5lwmjwsc01lv2zue60,5ede636d21cf560bf7aeb29f,2022-01-11 17:33:19.070,1,1,10.0,0.0,5856.0,0.0,1.0
j5nipd6xmmunr8vj7f97,602d01e7c9242f647db4b4fd,2022-01-11 17:33:41.475,3,1,35.0,0.0,16555.0,0.0,1.0
bi8cxhvcegg1u674okks,5f9d4170f629422451ac7fd8,2022-01-11 17:33:43.457,4,2,0.0,55.0,22502.0,14.0,1.0
hyeqz9ptsrtlonvfw9c,5ca63f420862d200177477cd,2022-01-11 17:33:53.139,2,1,19.0,0.0,16919.0,0.0,1.0
btr9mqcfhr8symt9u3p9,59014ee029f42300013cc5b7,2022-01-11 17:33:58.069,2,1,20.0,0.0,10324.0,0.0,1.0
i918n01ew1gmdygcnvcm,5f03a1edf388fe5cd83e42a3,2022-01-11 17:34:11.746,4,1,20.0,0.0,11865.0,0.0,1.0
s0emvqy3gqq5uz4b5cpj,5c584d2040378900013b6fb9,2022-01-11 17:33:44.408,4,1,20.0,0.0,8380.0,0.0,1.0
oo6gl4gdnq92rc3k527t,5c9cc2f7f8c3ec00018ba185,2022-01-11 17:34:31.681,2,2,0.0,70.0,26385.0,1.0,1.0
kd4128e5bbaj58seahq4,5e2b7dccc3d5e41d565a4fe1,2022-01-11 17:34:34.063,1,2,0.0,54.0,21201.0,2.0,1.0
pu77ccu4xwl1fc5xsdq2,5ee23fe02976ed2df1653b84,2022-01-11 17:34:36.789,3,2,0.0,20.0,10708.0,1.0,1.0
4dupc35dkizwgzg71pxl,60a18b77106fd129331fdc42,2022-01-11 17:34:47.885,1,2,0.0,60.0,28459.0,3.0,1.0
yctrn8w6eimsjvqbftb4,59a0918cfc15d200014b9fe2,2022-01-11 17:35:04.157,4,2,0.0,41.0,14779.0,0.0,1.0
pbatxuenq2syq0fkdrq7,5bf566601423e10001d63586,2022-01-11 17:35:03.989,1,2,0.0,58.0,19636.0,0.0,1.0
fs0txpuqqabhpkgdn6iq,5fba3df58d95c874a476e0d7,2022-01-11 17:35:15.226,1,2,0.0,58.0,28627.0,1.0,1.0
tvih35p9xi9y9usppabx,5e5a690a2bd7a624fc5c5b23,2022-01-11 17:35:18.315,4,1,25.0,0.0,11615.0,0.0,1.0
cxctfor652yqes4e42yr,5eb40e49245b8622104636ec,2022-01-11 17:35:34.871,1,2,0.0,73.0,24398.0,15.0,1.0
pb5lwmjwsc01lv2zue60,5ede636d21cf560bf7aeb29f,2022-01-11 17:35:35.338,1,2,0.0,27.0,8836.0,7.0,1.0
5jh3etjvb61atgqnkcrn,5fcf6e60b9abaf0008990b32,2022-01-11 17:36:30.747,2,1,20.0,0.0,12340.0,0.0,1.0
yctrn8w6eimsjvqbftb4,59a0918cfc15d200014b9fe2,2022-01-11 17:36:57.925,4,3,28.0,0.0,4752.0,55.0,1.0
j5nipd6xmmunr8vj7f97,602d01e7c9242f647db4b4fd,2022-01-11 17:37:29.750,3,2,0.0,73.0,25420.0,13.0,1.0
s0emvqy3gqq5uz4b5cpj,5c584d2040378900013b6fb9,2022-01-11 17:37:01.560,4,2,0.0,19.0,11467.0,3.0,1.0
i918n01ew1gmdygcnvcm,5f03a1edf388fe5cd83e42a3,2022-01-11 17:38:03.018,4,2,0.0,28.0,14491.0,0.0,1.0
tvih35p9xi9y9usppabx,5e5a690a2bd7a624fc5c5b23,2022-01-11 17:38:24.934,4,2,0.0,42.0,15844.0,0.0,1.0
5jh3etjvb61atgqnkcrn,5fcf6e60b9abaf0008990b32,2022-01-11 17:39:06.473,2,2,0.0,29.0,15681.0,1.0,1.0
tvih35p9xi9y9usppabx,5e5a690a2bd7a624fc5c5b23,2022-01-11 17:40:37.952,4,3,18.0,0.0,6201.0,46.0,1.0
tlvmx2yox9cc2txyj4tc,5e28cfb3dc12bd0a670f386a,2022-01-11 20:53:59.251,4,1,36.0,0.0,14289.0,0.0,1.0
bm9m61i7d3kk26ydvcrp,60e0bffb9cd65dae5610b542,2022-01-11 20:54:20.143,4,1,0.0,0.0,9849.0,0.0,1.0
7qgjq3wso278uvbq4spw,5f1023b8978b91000a42e92b,2022-01-11 20:54:39.011,4,1,25.0,0.0,11159.0,0.0,1.0
19s0y4wiemophx614yyu,6019ae3c0b84c5133a49ad09,2022-01-11 20:54:52.934,4,1,27.0,0.0,12844.0,0.0,1.0
g6nyhfdww037zz1jk5q2,5d6d94cb05e6930001a1464d,2022-01-11 20:55:32.495,4,1,21.0,0.0,11769.0,0.0,1.0
3y96b7vzymltofx3p1e2,5a5f9b7ef6c517000195531b,2022-01-11 20:55:34.119,4,1,20.0,0.0,8817.0,0.0,1.0
0yzspm1h3sy7zcl1v9tp,5f6a2df7be1c36097c4b3429,2022-01-11 20:55:39.050,1,1,41.0,0.0,17519.0,0.0,1.0
e6rfk9lla60oxmdydvyx,579de4e24d107800016dd926,2022-01-11 20:55:45.509,1,1,19.0,0.0,9811.0,0.0,1.0
csc5z4r6t7lo3ttztpkl,5ed2642d95ed8f1d41451c02,2022-01-11 20:56:03.865,4,1,34.0,0.0,18758.0,0.0,1.0
3ib2qabyxo19lbpyraak,604bd4be02a18bed5762f304,2022-01-11 20:56:08.502,1,1,33.0,0.0,12623.0,0.0,1.0
kkv9hv8czr6dimze56jo,5fb6e5861bd049137876161b,2022-01-11 20:56:20.350,1,1,36.0,0.0,14044.0,0.0,1.0
tlvmx2yox9cc2txyj4tc,5e28cfb3dc12bd0a670f386a,2022-01-11 20:56:27.206,4,2,0.0,40.0,23668.0,0.0,1.0
6cw66r0u46s1mrx1ob64,5e93921ddbb575082a8a226f,2022-01-11 20:56:33.180,2,1,22.0,0.0,10454.0,0.0,1.0
89uxf4l5zza3sddnfsf3,5e7b968137f2d208f685f691,2022-01-11 20:56:51.174,1,1,42.0,0.0,20591.0,0.0,1.0
3jw4j6fnd723jienv08a,5f880f28d129b42551f8a2ee,2022-01-11 20:56:54.116,2,1,26.0,0.0,11491.0,0.0,1.0
19s0y4wiemophx614yyu,6019ae3c0b84c5133a49ad09,2022-01-11 20:57:26.678,4,2,0.0,47.0,19675.0,0.0,1.0
7qgjq3wso278uvbq4spw,5f1023b8978b91000a42e92b,2022-01-11 20:57:31.088,4,2,0.0,51.0,14116.0,9.0,1.0
3y96b7vzymltofx3p1e2,5a5f9b7ef6c517000195531b,2022-01-11 20:58:01.897,4,2,0.0,42.0,15345.0,0.0,1.0
g6nyhfdww037zz1jk5q2,5d6d94cb05e6930001a1464d,2022-01-11 20:58:05.201,4,2,0.0,35.0,15143.0,0.0,1.0
0yzspm1h3sy7zcl1v9tp,5f6a2df7be1c36097c4b3429,2022-01-11 20:58:06.507,1,2,0.0,77.0,25243.0,7.0,1.0
e6rfk9lla60oxmdydvyx,579de4e24d107800016dd926,2022-01-11 20:58:13.717,1,2,0.0,29.0,13055.0,1.0,1.0
csc5z4r6t7lo3ttztpkl,5ed2642d95ed8f1d41451c02,2022-01-11 20:58:32.967,4,2,0.0,57.0,24959.0,2.0,1.0
6dveu83qnpukr4c9y3dz,5d9a6e6bf788b00012763417,2022-01-11 20:58:43.410,2,1,30.0,0.0,14068.0,0.0,1.0
kkv9hv8czr6dimze56jo,5fb6e5861bd049137876161b,2022-01-11 20:58:55.910,1,2,0.0,48.0,18311.0,1.0,1.0
7qgjq3wso278uvbq4spw,5f1023b8978b91000a42e92b,2022-01-11 20:59:13.489,4,3,13.0,0.0,4852.0,21.0,1.0
6cw66r0u46s1mrx1ob64,5e93921ddbb575082a8a226f,2022-01-11 20:59:22.073,2,2,0.0,40.0,15057.0,0.0,1.0
89uxf4l5zza3sddnfsf3,5e7b968137f2d208f685f691,2022-01-11 20:59:23.575,1,2,0.0,71.0,34055.0,0.0,1.0
3jw4j6fnd723jienv08a,5f880f28d129b42551f8a2ee,2022-01-11 20:59:26.757,2,2,0.0,54.0,17020.0,8.0,1.0
3y96b7vzymltofx3p1e2,5a5f9b7ef6c517000195531b,2022-01-11 20:59:48.204,4,3,34.0,0.0,7094.0,59.0,1.0
0yzspm1h3sy7zcl1v9tp,5f6a2df7be1c36097c4b3429,2022-01-11 21:00:14.050,1,3,67.0,0.0,11275.0,66.0,1.0
6dveu83qnpukr4c9y3dz,5d9a6e6bf788b00012763417,2022-01-11 21:00:57.950,2,2,0.0,59.0,22267.0,6.0,1.0
6cw66r0u46s1mrx1ob64,5e93921ddbb575082a8a226f,2022-01-11 21:02:36.888,2,3,10.0,0.0,3960.0,6.0,1.0
694i92cnnxvt2r12lrr5,5f9b6c5bb201643912d05c96,2022-01-11 21:02:39.050,2,1,20.0,0.0,8361.0,0.0,1.0
chr8sjnfacgsd9ts9qd2,,2022-01-11 21:05:05.252,4,1,6.0,0.0,2486.0,0.0,1.0
chr8sjnfacgsd9ts9qd2,,2022-01-11 21:07:17.436,4,2,0.0,6.0,3537.0,0.0,1.0
chr8sjnfacgsd9ts9qd2,,2022-01-11 21:08:32.141,4,3,6.0,0.0,1185.0,0.0,1.0
spc2yl71ibwk8osdahlp,5ea578af6c3ed85543310fc7,2022-01-11 21:43:16.764,1,1,43.0,0.0,18297.0,0.0,1.0
2nu5qb1d292tkbukjlh5,5d545b9407e8740017e56919,2022-01-11 21:44:01.097,3,1,26.0,0.0,16142.0,0.0,1.0
vwj2626e7a422of6gi5t,5e722532d302e9150b775daf,2022-01-11 21:44:29.983,1,1,6.0,0.0,5116.0,0.0,1.0
b4sxsyfz8ie7tn60qe7j,5fd155d38bcd8712d6a61a6d,2022-01-11 21:44:48.404,3,1,15.0,0.0,8755.0,0.0,1.0
4avbiz0vfqpub6gfu2xd,5ed2642d95ed8f1d41451c02,2022-01-11 21:45:02.174,3,1,34.0,0.0,18292.0,0.0,1.0
46nlmc4dbatyjaoi7i2i,5d228245d741d4001aa43eef,2022-01-11 21:45:10.437,3,1,21.0,0.0,15523.0,0.0,1.0
spc2yl71ibwk8osdahlp,5ea578af6c3ed85543310fc7,2022-01-11 21:45:34.770,1,2,0.0,74.0,28195.0,0.0,1.0
1a5wwotzbjq08vnfuyua,5f4cc4ea00dba58ecd5a98a4,2022-01-11 21:45:53.271,3,1,29.0,0.0,16766.0,0.0,1.0
x7ch08mj87w4s7903gx2,5fd92f0b0c089a3dd3cfa71f,2022-01-11 21:45:59.929,3,1,12.0,0.0,12652.0,0.0,1.0
telz6dr5wqxvg2orqymz,5f59dd330b08970009cfbd00,2022-01-11 21:46:27.357,3,1,16.0,0.0,7785.0,0.0,1.0
113kn5kjd0pp2qti1g7n,5e66de9aa7c1cb467abe171f,2022-01-11 21:46:52.933,3,1,28.0,0.0,14217.0,0.0,1.0
ou9w6cy2cabrdekcrnyi,5ef76508df1782049391ce3b,2022-01-11 21:46:54.338,2,1,37.0,0.0,17937.0,0.0,1.0
ol3xw67gd00ueda6k5rf,,2022-01-11 21:46:54.424,1,1,0.0,0.0,0.0,0.0,1.0
b4sxsyfz8ie7tn60qe7j,5fd155d38bcd8712d6a61a6d,2022-01-11 21:47:01.588,3,2,0.0,34.0,13612.0,0.0,1.0
vwj2626e7a422of6gi5t,5e722532d302e9150b775daf,2022-01-11 21:47:09.798,1,2,0.0,21.0,5976.0,0.0,1.0
ezi6la3nifmlteq7oc7a,5dd6d7957beb2966ce4d9e82,2022-01-11 21:47:16.172,4,1,23.0,0.0,10123.0,0.0,1.0
4avbiz0vfqpub6gfu2xd,5ed2642d95ed8f1d41451c02,2022-01-11 21:47:21.578,3,2,0.0,63.0,26025.0,0.0,1.0
it3gqaj39zfkgvnn39f2,5e5c3d75348de24188d2c698,2022-01-11 21:47:28.643,1,1,13.0,0.0,4555.0,0.0,1.0
46nlmc4dbatyjaoi7i2i,5d228245d741d4001aa43eef,2022-01-11 21:47:26.834,3,2,0.0,56.0,25127.0,21.0,1.0
z3qp2utbmm1kbsnxalon,5f554006b51dbe0fa5eb9ed9,2022-01-11 21:47:35.670,3,1,34.0,0.0,17692.0,0.0,1.0
spc2yl71ibwk8osdahlp,5ea578af6c3ed85543310fc7,2022-01-11 21:47:39.761,1,3,31.0,0.0,11572.0,67.0,1.0
1a5wwotzbjq08vnfuyua,5f4cc4ea00dba58ecd5a98a4,2022-01-11 21:48:42.716,3,2,0.0,45.0,24902.0,0.0,1.0
telz6dr5wqxvg2orqymz,5f59dd330b08970009cfbd00,2022-01-11 21:48:48.211,3,2,0.0,26.0,9345.0,1.0,1.0
vwj2626e7a422of6gi5t,5e722532d302e9150b775daf,2022-01-11 21:48:55.881,1,3,11.0,0.0,1790.0,18.0,1.0
sdfkctkbzxp73tflp4o6,57e03c03538c8c0001616262,2022-01-11 21:49:06.195,1,1,25.0,0.0,10737.0,0.0,1.0
jp99poyetin2l5svk45e,5d7957036797da0019537ad1,2022-01-11 21:49:23.693,4,1,17.0,0.0,7147.0,0.0,1.0
ou9w6cy2cabrdekcrnyi,5ef76508df1782049391ce3b,2022-01-11 21:49:38.675,2,2,0.0,64.0,22823.0,0.0,1.0
it3gqaj39zfkgvnn39f2,5e5c3d75348de24188d2c698,2022-01-11 21:49:43.449,1,2,0.0,12.0,5486.0,1.0,1.0
b4sxsyfz8ie7tn60qe7j,5fd155d38bcd8712d6a61a6d,2022-01-11 21:49:42.968,3,3,33.0,0.0,5313.0,38.0,1.0
113kn5kjd0pp2qti1g7n,5e66de9aa7c1cb467abe171f,2022-01-11 21:49:47.028,3,2,0.0,51.0,20630.0,1.0,1.0
z3qp2utbmm1kbsnxalon,5f554006b51dbe0fa5eb9ed9,2022-01-11 21:49:56.616,3,2,0.0,66.0,20870.0,18.0,1.0
ezi6la3nifmlteq7oc7a,5dd6d7957beb2966ce4d9e82,2022-01-11 21:50:04.491,4,2,0.0,37.0,12278.0,0.0,1.0
1a5wwotzbjq08vnfuyua,5f4cc4ea00dba58ecd5a98a4,2022-01-11 21:50:51.993,3,3,24.0,0.0,10804.0,53.0,1.0
it3gqaj39zfkgvnn39f2,5e5c3d75348de24188d2c698,2022-01-11 21:51:06.216,1,3,6.0,0.0,1603.0,0.0,1.0
ou9w6cy2cabrdekcrnyi,5ef76508df1782049391ce3b,2022-01-11 21:51:18.070,2,3,58.0,0.0,8409.0,77.0,1.0
sdfkctkbzxp73tflp4o6,57e03c03538c8c0001616262,2022-01-11 21:51:20.583,1,2,0.0,45.0,17433.0,8.0,1.0
ezi6la3nifmlteq7oc7a,5dd6d7957beb2966ce4d9e82,2022-01-11 21:51:56.932,4,3,24.0,0.0,3192.0,32.0,1.0
113kn5kjd0pp2qti1g7n,5e66de9aa7c1cb467abe171f,2022-01-11 21:52:11.915,3,3,16.0,0.0,5683.0,36.0,1.0
jp99poyetin2l5svk45e,5d7957036797da0019537ad1,2022-01-11 21:52:21.700,4,2,0.0,21.0,8875.0,4.0,1.0
qbet55m1zd4ojapltuw9,60367e3652cca042b58d6e19,2022-01-11 22:02:17.391,2,1,0.0,0.0,6379.0,0.0,1.0
m6on8gi7b2v9ydrgbwr4,5bc524f891353b0001f8dee0,2022-01-11 22:14:01.539,3,1,16.0,0.0,8198.0,0.0,1.0
oob9xgj4hdas3srnpct3,58bafe0a82e0250001caf492,2022-01-11 22:14:26.114,1,1,14.0,0.0,11572.0,0.0,1.0
7vyh30hvmgjgpoqza05h,5e66de9aa7c1cb467abe171f,2022-01-11 22:15:27.337,4,1,40.0,0.0,19252.0,0.0,1.0
dzka5um5c9i67jt4b5xi,5f880f28d129b42551f8a2ee,2022-01-11 22:15:32.764,2,1,20.0,0.0,8059.0,0.0,1.0
yk6da8ijccpwmgnvizw4,5c8f7f2954e77c001654db64,2022-01-11 22:15:50.298,1,1,36.0,0.0,15115.0,0.0,1.0
m6on8gi7b2v9ydrgbwr4,5bc524f891353b0001f8dee0,2022-01-11 22:16:35.351,3,2,0.0,39.0,16238.0,3.0,1.0
2r3yuwbobvju51hlkczn,5fb82391deee664d65945bd8,2022-01-11 22:16:59.317,1,1,25.0,0.0,10425.0,0.0,1.0
hiftdyxowa4pusdzporv,5ef78ef26f64a70971bd1d88,2022-01-11 22:16:56.457,4,1,12.0,0.0,13012.0,0.0,1.0
lzeuwlxyoirmtfqpxluy,5e722532d302e9150b775daf,2022-01-11 22:17:23.797,1,1,12.0,0.0,4780.0,0.0,1.0
sjgzywgsgi9u8nbyq1ui,5c54e090513f0500012869b7,2022-01-11 22:17:26.133,1,1,9.0,0.0,8649.0,0.0,1.0
6h4f9i8dh5g2lgy2a3ma,5fa59d4d5a29c90da975efe9,2022-01-11 22:17:43.112,1,1,32.0,0.0,19209.0,0.0,1.0
1cltbg3e42pkng2xv0gz,5de476f9b5b7ff447db5c4aa,2022-01-11 22:17:47.273,3,1,45.0,0.0,16017.0,0.0,1.0
yk6da8ijccpwmgnvizw4,5c8f7f2954e77c001654db64,2022-01-11 22:17:55.066,1,2,0.0,52.0,21527.0,3.0,1.0
m6on8gi7b2v9ydrgbwr4,5bc524f891353b0001f8dee0,2022-01-11 22:18:10.771,3,3,56.0,0.0,7900.0,65.0,1.0
7vyh30hvmgjgpoqza05h,5e66de9aa7c1cb467abe171f,2022-01-11 22:18:17.019,4,2,0.0,62.0,22195.0,0.0,1.0
dzka5um5c9i67jt4b5xi,5f880f28d129b42551f8a2ee,2022-01-11 22:18:15.737,2,2,0.0,60.0,17567.0,0.0,1.0
w6orq5h2fnm0kct9fsl6,6053c980f7612d61ed799ce9,2022-01-11 22:18:17.236,1,1,31.0,0.0,14543.0,0.0,1.0
0jls1fu75znbui3z0pkv,5ec126b13af71c5397ea7f5e,2022-01-11 22:18:46.584,3,1,24.0,0.0,10142.0,0.0,1.0
xb18zal88jbkyuq80m9f,5c6de15c1982660001ac2fc3,2022-01-11 22:18:47.117,3,1,25.0,0.0,11884.0,0.0,1.0
htxr7krvdjo5vyefbp0n,5ea885a6b640e22ca5805a35,2022-01-11 22:18:51.725,3,1,12.0,0.0,8678.0,0.0,1.0
8jgml8t4jn0wmdb4mr7p,5d7ce6fe1961da0016f195b2,2022-01-11 22:18:56.160,3,1,40.0,0.0,17063.0,0.0,1.0
re5wbsyvndgsmkdgqee2,5ba32826061141000107e6b6,2022-01-11 22:18:56.562,1,1,18.0,0.0,11932.0,0.0,1.0
2r3yuwbobvju51hlkczn,5fb82391deee664d65945bd8,2022-01-11 22:19:06.271,1,2,0.0,24.0,13670.0,0.0,1.0
hiftdyxowa4pusdzporv,5ef78ef26f64a70971bd1d88,2022-01-11 22:19:20.913,4,2,0.0,22.0,15595.0,5.0,1.0
gn8clb6yrp33flyb1zsm,5f900c48e6dadf0401d0c6e2,2022-01-11 22:19:31.910,2,1,35.0,0.0,18004.0,0.0,1.0
xn23y7nx9nif790onivk,,2022-01-11 22:19:36.032,1,1,17.0,0.0,16171.0,0.0,1.0
lzeuwlxyoirmtfqpxluy,5e722532d302e9150b775daf,2022-01-11 22:19:43.408,1,2,0.0,19.0,6345.0,0.0,1.0
o7gron62nwghdtirde3i,5ba416ce509a380001bef970,2022-01-11 22:50:51.857,1,1,19.0,0.0,6532.0,0.0,1.0
a1t35ze0lc2j805mmbd4,5ee9179c15b79228f39c6b07,2022-01-11 22:20:00.980,3,1,33.0,0.0,17563.0,0.0,1.0
4gcn3awouevytvdyds40,5e94a643b4f9c13268892d9c,2022-01-11 22:20:06.501,2,1,31.0,0.0,11889.0,0.0,1.0
sjgzywgsgi9u8nbyq1ui,5c54e090513f0500012869b7,2022-01-11 22:20:06.290,1,2,0.0,26.0,12667.0,2.0,1.0
rfsyf383zs0b2t94z7h,5bde1e00ddec0b00013494d3,2022-01-11 22:20:08.359,3,1,15.0,0.0,10881.0,0.0,1.0
33ihnii8l5orluyrzy25,5980fef7127287000185ed54,2022-01-11 22:20:12.896,3,1,6.0,0.0,3278.0,0.0,1.0
ju5oi8yht0x17fwyl0iu,59e8f20262637600014a7e75,2022-01-11 22:20:12.247,3,1,14.0,0.0,11524.0,0.0,1.0
2qcuif0zeenj0xzokjdk,5fe22e82e9df3d5674a3fbfb,2022-01-11 22:20:20.285,4,1,20.0,0.0,10617.0,0.0,1.0
7vyh30hvmgjgpoqza05h,5e66de9aa7c1cb467abe171f,2022-01-11 22:20:38.957,4,3,0.0,0.0,8030.0,82.0,1.0
52x33wl74o07llz17n9u,5fccc12e239558aff7566c2b,2022-01-11 22:20:43.881,2,1,23.0,0.0,10977.0,0.0,1.0
rsju42vg0ps331pjorzk,5e8e520df84fbf114143b0a2,2022-01-11 22:20:47.626,2,1,30.0,0.0,13718.0,0.0,1.0
xb18zal88jbkyuq80m9f,5c6de15c1982660001ac2fc3,2022-01-11 22:20:51.409,3,2,0.0,36.0,15297.0,9.0,1.0
w6orq5h2fnm0kct9fsl6,6053c980f7612d61ed799ce9,2022-01-11 22:20:53.685,1,2,0.0,46.0,18311.0,0.0,1.0
htxr7krvdjo5vyefbp0n,5ea885a6b640e22ca5805a35,2022-01-11 22:20:55.802,3,2,0.0,27.0,6912.0,2.0,1.0
al4ed3gfidk88x4knz7g,5ddedc1ac5faa2e4d356d45d,2022-01-11 22:21:09.255,2,1,29.0,0.0,12446.0,0.0,1.0
re5wbsyvndgsmkdgqee2,5ba32826061141000107e6b6,2022-01-11 22:21:13.610,1,2,0.0,58.0,23956.0,0.0,1.0
d6kg5jmkijw76mahu24r,5f15bc6286fcde6b7d115e6f,2022-01-11 22:21:17.750,3,1,18.0,0.0,6460.0,0.0,1.0
mygewf8fyz6r7lqqnwzf,5d7957036797da0019537ad1,2022-01-11 22:21:13.080,4,1,15.0,0.0,8366.0,0.0,1.0
rq1f5p61sncv2sg00v7i,5e948b1c24e9a7314365df1a,2022-01-11 22:21:21.337,3,1,23.0,0.0,9657.0,0.0,1.0
6fd5ysmn198pw0cyzo2i,5fa0b8fd4cbe9714ce04cb54,2022-01-11 22:21:26.832,1,1,23.0,0.0,12278.0,0.0,1.0
lzeuwlxyoirmtfqpxluy,5e722532d302e9150b775daf,2022-01-11 22:21:27.714,1,3,14.0,0.0,1631.0,23.0,1.0
oi5a8mgjkcrlroarwsux,5fa3210b4af86b5dd1b57153,2022-01-11 22:21:32.519,2,1,34.0,0.0,17692.0,0.0,1.0
ccf8tndq300htjcp5cmp,5f18a80367ef6b0bbc5f3720,2022-01-11 22:21:31.480,2,1,28.0,0.0,17198.0,0.0,1.0
xn23y7nx9nif790onivk,,2022-01-11 22:21:50.713,1,2,0.0,57.0,20318.0,9.0,1.0
1cltbg3e42pkng2xv0gz,5de476f9b5b7ff447db5c4aa,2022-01-11 22:21:51.515,3,2,0.0,56.0,18355.0,10.0,1.0
sgif1gyjd1lybd5z1ek4,5c06fc4918ac7e00016bf76d,2022-01-11 22:21:54.063,3,1,34.0,0.0,14323.0,0.0,1.0
sachjgx1uyqw55uoryw8,5f2603dbc96c0e30c5a2cc79,2022-01-11 22:22:05.447,1,1,14.0,0.0,11831.0,0.0,1.0
gn8clb6yrp33flyb1zsm,5f900c48e6dadf0401d0c6e2,2022-01-11 22:22:04.814,2,2,0.0,81.0,30244.0,0.0,1.0
o7gron62nwghdtirde3i,5ba416ce509a380001bef970,2022-01-11 22:53:09.101,1,2,0.0,32.0,12239.0,1.0,1.0
0jls1fu75znbui3z0pkv,5ec126b13af71c5397ea7f5e,2022-01-11 22:22:12.784,3,2,0.0,47.0,14097.0,4.0,1.0
9vcldyatckm98ytooud9,60fd21b9586ebe18b6b3430f@email.prolific.co,2022-01-11 22:22:13.195,2,1,22.0,0.0,12340.0,0.0,1.0
a1t35ze0lc2j805mmbd4,5ee9179c15b79228f39c6b07,2022-01-11 22:22:19.344,3,2,0.0,60.0,25271.0,5.0,1.0
rfsyf383zs0b2t94z7h,5bde1e00ddec0b00013494d3,2022-01-11 22:22:22.064,3,2,0.0,28.0,16247.0,0.0,1.0
w6orq5h2fnm0kct9fsl6,6053c980f7612d61ed799ce9,2022-01-11 22:22:27.001,1,3,24.0,0.0,7233.0,58.0,1.0
33ihnii8l5orluyrzy25,5980fef7127287000185ed54,2022-01-11 22:22:26.992,3,2,0.0,21.0,7900.0,0.0,1.0
2qcuif0zeenj0xzokjdk,5fe22e82e9df3d5674a3fbfb,2022-01-11 22:22:29.840,4,2,0.0,50.0,16305.0,4.0,1.0
4lfdbgmwrufsgumdrgen,5e76904f77df250833f17eac,2022-01-11 22:22:42.783,3,1,24.0,0.0,8457.0,0.0,1.0
4gcn3awouevytvdyds40,5e94a643b4f9c13268892d9c,2022-01-11 22:22:46.338,2,2,0.0,51.0,17567.0,3.0,1.0
6x7ygw5648qr1f23av2z,5f2f31201649be31653dabc5,2022-01-11 22:22:48.074,4,1,14.0,0.0,11942.0,0.0,1.0
vzn6hcvg755yy9zbvqor,5f8dd439bef78f1397072acf,2022-01-11 22:23:02.115,2,1,33.0,0.0,14577.0,0.0,1.0
52x33wl74o07llz17n9u,5fccc12e239558aff7566c2b,2022-01-11 22:23:05.503,2,2,0.0,40.0,14102.0,3.0,1.0
ve0pa99qjo42oaj4m334,6BD98366,2022-01-11 22:23:08.942,3,1,22.0,0.0,12167.0,0.0,1.0
wrunuo23o3w7ezq2ptn5,5ba22e8977ca3100017a349c,2022-01-11 22:23:13.190,2,1,20.0,0.0,12863.0,0.0,1.0
w3cbk2ncizhp4izbr8r7,5c5099e98ac59200014d0c2c,2022-01-11 22:23:18.621,2,1,24.0,0.0,15067.0,0.0,1.0
al4ed3gfidk88x4knz7g,5ddedc1ac5faa2e4d356d45d,2022-01-11 22:23:29.364,2,2,0.0,48.0,17323.0,0.0,1.0
rsju42vg0ps331pjorzk,5e8e520df84fbf114143b0a2,2022-01-11 22:23:34.530,2,2,0.0,40.0,19756.0,0.0,1.0
xn23y7nx9nif790onivk,,2022-01-11 22:23:43.194,1,3,20.0,0.0,7012.0,37.0,1.0
oi5a8mgjkcrlroarwsux,5fa3210b4af86b5dd1b57153,2022-01-11 22:23:43.681,2,2,0.0,51.0,24710.0,14.0,1.0
rq1f5p61sncv2sg00v7i,5e948b1c24e9a7314365df1a,2022-01-11 22:23:58.806,3,2,0.0,12.0,10871.0,4.0,1.0
a1t35ze0lc2j805mmbd4,5ee9179c15b79228f39c6b07,2022-01-11 22:24:06.738,3,3,65.0,0.0,11625.0,77.0,1.0
ccf8tndq300htjcp5cmp,5f18a80367ef6b0bbc5f3720,2022-01-11 22:24:01.700,2,2,0.0,68.0,27566.0,1.0,1.0
o7gron62nwghdtirde3i,5ba416ce509a380001bef970,2022-01-11 22:55:18.642,1,3,34.0,0.0,6614.0,47.0,1.0
sgif1gyjd1lybd5z1ek4,5c06fc4918ac7e00016bf76d,2022-01-11 22:24:37.195,3,2,0.0,58.0,18993.0,2.0,1.0
9vcldyatckm98ytooud9,60fd21b9586ebe18b6b3430f@email.prolific.co,2022-01-11 22:24:48.682,2,2,0.0,41.0,18609.0,5.0,1.0
4gcn3awouevytvdyds40,5e94a643b4f9c13268892d9c,2022-01-11 22:24:51.855,2,3,74.0,0.0,8366.0,93.0,1.0
8jgml8t4jn0wmdb4mr7p,5d7ce6fe1961da0016f195b2,2022-01-11 22:24:52.711,3,2,0.0,58.0,24537.0,0.0,1.0
g6egrrzg0cm5tsznmmt3,5de93d9ae045e206b871af2c,2022-01-11 22:24:58.239,1,1,23.0,0.0,11966.0,0.0,1.0
sachjgx1uyqw55uoryw8,5f2603dbc96c0e30c5a2cc79,2022-01-11 22:25:00.525,1,2,0.0,36.0,17956.0,0.0,1.0
02r0ethn13lu9zpf6c6o,5e7b968137f2d208f685f691,2022-01-11 22:25:03.397,2,1,50.0,0.0,23255.0,0.0,1.0
51s3g1i2vgr3iujgs5ey,5deac17b3c27631ebb21b8f4,2022-01-11 22:25:04.352,4,1,34.0,0.0,13963.0,0.0,1.0
al4ed3gfidk88x4knz7g,5ddedc1ac5faa2e4d356d45d,2022-01-11 22:25:04.620,2,3,36.0,0.0,7012.0,53.0,1.0
2wg34uojgrecee1rhk9e,5bb51b1c4b8d8e0001f13b6d,2022-01-11 22:25:12.637,2,1,15.0,0.0,11798.0,0.0,1.0
wrunuo23o3w7ezq2ptn5,5ba22e8977ca3100017a349c,2022-01-11 22:25:20.053,2,2,0.0,44.0,19703.0,1.0,1.0
ve0pa99qjo42oaj4m334,6BD98366,2022-01-11 22:25:29.345,3,2,0.0,53.0,16833.0,1.0,1.0
u4gn4qwt27dqeegewfcg,5e3314e25bfa432e9defe8c7,2022-01-11 22:25:31.384,4,1,43.0,0.0,19593.0,0.0,1.0
4lfdbgmwrufsgumdrgen,5e76904f77df250833f17eac,2022-01-11 22:25:32.905,3,2,0.0,47.0,15379.0,0.0,1.0
znjy8obgkv0l5p2x1rrf,610696b760d7a00472462bb2,2022-01-11 22:25:40.237,3,1,0.0,0.0,0.0,0.0,1.0
w3cbk2ncizhp4izbr8r7,5c5099e98ac59200014d0c2c,2022-01-11 22:25:43.346,2,2,0.0,53.0,24815.0,0.0,1.0
vzn6hcvg755yy9zbvqor,5f8dd439bef78f1397072acf,2022-01-11 22:25:57.086,2,2,0.0,63.0,25699.0,0.0,1.0
sgif1gyjd1lybd5z1ek4,5c06fc4918ac7e00016bf76d,2022-01-11 22:26:49.226,3,3,63.0,0.0,8966.0,96.0,1.0
g6egrrzg0cm5tsznmmt3,5de93d9ae045e206b871af2c,2022-01-11 22:27:28.323,1,2,0.0,47.0,16809.0,3.0,1.0
4lfdbgmwrufsgumdrgen,5e76904f77df250833f17eac,2022-01-11 22:27:27.662,3,3,38.0,0.0,6787.0,49.0,1.0
51s3g1i2vgr3iujgs5ey,5deac17b3c27631ebb21b8f4,2022-01-11 22:27:39.477,4,2,0.0,56.0,22665.0,0.0,1.0
2wg34uojgrecee1rhk9e,5bb51b1c4b8d8e0001f13b6d,2022-01-11 22:28:00.585,2,2,0.0,50.0,16079.0,4.0,1.0
u4gn4qwt27dqeegewfcg,5e3314e25bfa432e9defe8c7,2022-01-11 22:28:17.767,4,2,0.0,54.0,29126.0,3.0,1.0
znjy8obgkv0l5p2x1rrf,610696b760d7a00472462bb2,2022-01-11 22:29:39.237,3,2,0.0,0.0,0.0,0.0,1.0
02r0ethn13lu9zpf6c6o,5e7b968137f2d208f685f691,2022-01-11 22:29:43.796,2,2,0.0,86.0,34214.0,0.0,1.0
u4gn4qwt27dqeegewfcg,5e3314e25bfa432e9defe8c7,2022-01-11 22:30:16.366,4,3,61.0,0.0,12268.0,81.0,1.0
mtuuz8k4o5gpesf5ykoe,,2022-01-11 22:32:08.568,3,1,19.0,0.0,7684.0,0.0,1.0
02r0ethn13lu9zpf6c6o,5e7b968137f2d208f685f691,2022-01-11 22:32:27.571,2,3,68.0,0.0,15609.0,69.0,1.0
vj2wnskqe1bgq0sdidz1,5efcac062da8b4072169aa3f,2022-01-11 22:33:07.250,1,1,6.0,0.0,2452.0,0.0,1.0
mtuuz8k4o5gpesf5ykoe,,2022-01-11 22:34:46.308,3,2,0.0,27.0,9316.0,2.0,1.0
vj2wnskqe1bgq0sdidz1,5efcac062da8b4072169aa3f,2022-01-11 22:36:03.274,1,2,0.0,9.0,1982.0,0.0,1.0
k6gppq75lmv6v48tpgsk,5e1cabad3b577b000c55e660,2022-01-11 22:37:00.110,4,1,36.0,0.0,16031.0,0.0,1.0
vj2wnskqe1bgq0sdidz1,5efcac062da8b4072169aa3f,2022-01-11 22:37:45.655,1,3,4.0,0.0,345.0,0.0,1.0
kajryt7fqwiqwz9tc49o,5dc0353028cfb7479e1f7e8d,2022-01-11 22:38:50.985,1,1,24.0,0.0,15014.0,0.0,1.0
k6gppq75lmv6v48tpgsk,5e1cabad3b577b000c55e660,2022-01-11 22:39:37.051,4,2,0.0,59.0,18863.0,8.0,1.0
k6gppq75lmv6v48tpgsk,5e1cabad3b577b000c55e660,2022-01-11 22:41:11.264,4,3,54.0,0.0,7224.0,61.0,1.0
kajryt7fqwiqwz9tc49o,5dc0353028cfb7479e1f7e8d,2022-01-11 22:42:35.268,1,2,0.0,58.0,21835.0,2.0,1.0
p72wsj185ywjkppoolf2,605d90aeb58f606babd7a55b,2022-01-11 22:44:18.235,1,1,22.0,0.0,14347.0,0.0,1.0
p72wsj185ywjkppoolf2,605d90aeb58f606babd7a55b,2022-01-11 22:46:36.818,1,2,0.0,60.0,19847.0,8.0,1.0
q01qpot2687gzp8j1dme,5f9eb8c1c1dc8505f5f1bcd4,2022-01-11 22:57:34.384,3,1,39.0,0.0,18931.0,0.0,1.0
q01qpot2687gzp8j1dme,5f9eb8c1c1dc8505f5f1bcd4,2022-01-11 23:00:24.570,3,2,0.0,68.0,27047.0,0.0,1.0
q01qpot2687gzp8j1dme,5f9eb8c1c1dc8505f5f1bcd4,2022-01-11 23:03:33.485,3,3,32.0,0.0,9815.0,43.0,1.0
1mhoaqjon8fjxqododmh,5f738de5cd78b40e58fb464b,2022-01-15 12:24:13.416,1,1,30.0,0.0,17774.0,0.0,1.0
s6fng9ebz3lhki5i9uvc,602e371262da62935c4753a5,2022-01-15 12:24:27.534,1,1,0.0,0.0,9110.0,0.0,1.0
5oqs77xjekped37ec3bd,5e44a5b7902afe329bfa7320,2022-01-15 12:24:32.910,1,1,17.0,0.0,13847.0,0.0,1.0
xkrdqe6hf3wbmtusrwmo,5f117a19d614293b07fdb9cf,2022-01-15 12:24:46.048,2,1,30.0,0.0,14222.0,0.0,1.0
vvpu23oc89tkw3frxt7l,5f85901946ca0a000a802cf2,2022-01-15 12:24:47.066,1,1,40.0,0.0,18782.0,0.0,1.0
cxea5l9awl3au5909u4z,5f6140e95bd9c00ce24bf92a,2022-01-15 12:24:51.343,1,1,41.0,0.0,17289.0,0.0,1.0
kvzfhwz5q9dft7u0umw8,5eb94413a6de9c000af1f187,2022-01-15 12:24:58.704,2,1,31.0,0.0,12095.0,0.0,1.0
x95irobhw5ygcstiu7ht,60645fe61129208791535d15,2022-01-15 12:25:02.009,1,1,30.0,0.0,13012.0,0.0,1.0
ztgrrkj5ao8q3ud42xvs,5ec33b02449690199f212f84,2022-01-15 12:25:03.233,1,1,7.0,0.0,5832.0,0.0,1.0
jjgjqauqnxemo1tri2gs,5f4fb87aaa1c4e0a71d7f265,2022-01-15 12:25:25.838,1,1,38.0,0.0,17356.0,0.0,1.0
halczr68yiah5g4am9n7,5fc6428f15e0c70437e4d77e,2022-01-15 12:25:33.958,3,1,35.0,0.0,18907.0,0.0,1.0
d1p27mjsy4bk1r6b8148,5dc5d1f10a493f450cbc6303,2022-01-15 12:25:55.894,2,1,28.0,0.0,9998.0,0.0,1.0
b9sd6n3l90y0s0qhrdam,5c31f23d10677f0001dde511,2022-01-15 12:25:58.710,1,1,20.0,0.0,11620.0,0.0,1.0
r44dx48tj88n5ikeek1b,56b1c58c390ebc000d5bf001,2022-01-15 12:26:02.662,4,1,11.0,0.0,16127.0,0.0,1.0
j8i1v9121hnlwh0kjq3j,5f7694edc99f3112b494e122,2022-01-15 12:26:21.049,3,1,0.0,0.0,6969.0,0.0,1.0
1mhoaqjon8fjxqododmh,5f738de5cd78b40e58fb464b,2022-01-15 12:26:19.361,1,2,0.0,35.0,19343.0,11.0,1.0
mimqvg73yv27sebpjr71,5eb5cb8ddef42c4ad1456dd9,2022-01-15 12:26:13.199,1,1,28.0,0.0,11039.0,0.0,1.0
xxxiv1r83t230ie0sdx6,5ffdf54a500d7740e02f3639,2022-01-15 12:26:28.106,3,1,18.0,0.0,13142.0,0.0,1.0
n9rrfh6hfxhd15jb1beg,5e94b58fc7296a0a611f0492,2022-01-15 12:26:30.516,2,1,39.0,0.0,19036.0,0.0,1.0
qvoz8wz9v14wcm2iwo04,5d7f51e181bc9d00017069d0,2022-01-15 12:26:35.450,4,1,15.0,0.0,5913.0,0.0,1.0
75e02h3rwg8g13p4gw5m,5f5135b9e2b058337c95383f,2022-01-15 12:26:38.177,2,1,30.0,0.0,15417.0,0.0,1.0
xrywn2uyohun2z43gdfa,5e874ce2a6b352069eae0aa2,2022-01-15 12:29:29.371,2,1,37.0,0.0,16343.0,0.0,1.0
92jndwofj2ri3u6mdz7j,5fa5b2f859cd8711ad096b6d,2022-01-15 12:26:28.477,2,1,33.0,0.0,12964.0,0.0,1.0
b1y52r0il46wp5ymtzij,5f660626a9151c19b17ba3c8,2022-01-15 12:26:47.144,3,1,26.0,0.0,10348.0,0.0,1.0
wboldsu0y3312ohp6izm,,2022-01-15 12:27:34.327,2,1,30.0,0.0,13948.0,0.0,1.0
7r3shqe7k1q6woexd1mp,5faf02d07581df13bfbde3d6,2022-01-15 12:26:49.731,2,1,25.0,0.0,12979.0,0.0,1.0
5oqs77xjekped37ec3bd,5e44a5b7902afe329bfa7320,2022-01-15 12:26:59.633,1,2,0.0,56.0,22641.0,1.0,1.0
fv2k6vp19n1q2749w9zn,5af1773a5bbd0b00015ec658,2022-01-15 12:27:03.825,4,1,29.0,0.0,16679.0,0.0,1.0
hwon1litum6s8qgr93ti,60ef6aee4984d11c6c0b92e8,2022-01-15 12:27:08.690,4,1,24.0,0.0,10444.0,0.0,1.0
cxea5l9awl3au5909u4z,5f6140e95bd9c00ce24bf92a,2022-01-15 12:27:15.085,1,2,0.0,66.0,24974.0,0.0,1.0
0l7k7i35sl5tlhyj40at,5f119e4c9b1f0b02a6147c74,2022-01-15 12:27:14.054,4,1,21.0,0.0,15287.0,0.0,1.0
vvpu23oc89tkw3frxt7l,5f85901946ca0a000a802cf2,2022-01-15 12:27:21.831,1,2,0.0,71.0,25199.0,1.0,1.0
dx87ckolme5llwksgbnq,5e650addc1f6e527c4689310,2022-01-15 12:27:24.353,1,1,31.0,0.0,15979.0,0.0,1.0
1brwwftqhvw46hwfzchc,5ca0aae22fd4860001a4d560,2022-01-15 12:27:26.048,1,1,29.0,0.0,13334.0,0.0,1.0
khg00a57xx0imxw9xcb4,5e9d9dd04ca6690944caf284,2022-01-15 12:27:26.867,3,1,27.0,0.0,18998.0,0.0,1.0
kz67v91kjxqabtm5uuhm,5f632ea32e85353d93872c67,2022-01-15 12:27:26.380,2,1,46.0,0.0,17975.0,0.0,1.0
mudrpfmvuuxrbzk8svh8,5ee71f69982f964bf72b5a51,2022-01-15 12:27:28.130,2,1,40.0,0.0,20011.0,0.0,1.0
kl47fnlr38sd2qrc8erk,5d7f460632ee8a0018dc7502,2022-01-15 12:27:32.598,1,1,18.0,0.0,13017.0,0.0,1.0
bs3ib3p1ah4ec2fggg1e,5d243b597efb51001cfb69a5,2022-01-15 12:27:35.151,2,1,7.0,0.0,11831.0,0.0,1.0
nrq87ybttk8gok3d91e7,601574b93eee9a631a2c0ef6,2022-01-15 12:27:36.149,3,1,23.0,0.0,17913.0,0.0,1.0
xkrdqe6hf3wbmtusrwmo,5f117a19d614293b07fdb9cf,2022-01-15 12:27:44.257,2,2,0.0,46.0,19199.0,1.0,1.0
kvzfhwz5q9dft7u0umw8,5eb94413a6de9c000af1f187,2022-01-15 12:27:45.112,2,2,0.0,42.0,16324.0,9.0,1.0
5ue9u2a8oupiratf2c1d,5f99cee5a2a7d109a1624e10,2022-01-15 12:27:47.704,2,1,8.0,0.0,7075.0,0.0,1.0
6ms43jeumfj15zrqi0a3,5efe09d0bb70312aec1c5a85,2022-01-15 12:27:54.550,2,1,23.0,0.0,16276.0,0.0,1.0
ztgrrkj5ao8q3ud42xvs,5ec33b02449690199f212f84,2022-01-15 12:27:54.671,1,2,0.0,21.0,11894.0,4.0,1.0
2b7thcgvp0gq91ymrqdd,5e5aa95a6175cb295698fd11,2022-01-15 12:28:01.602,4,1,29.0,0.0,20116.0,0.0,1.0
vb30zzk8h1cntc4w9889,5d373c58d8bf24001dc16884,2022-01-15 12:28:11.613,3,1,24.0,0.0,15743.0,0.0,1.0
klb4oev0o42w408qu95q,5debae6c7aeafe29c43806f6,2022-01-15 12:28:13.218,3,1,21.0,0.0,11908.0,0.0,1.0
zav9r2lp45vfu3i2ruql,597f461fbcae9f00014ceacd,2022-01-15 12:28:17.099,4,1,40.0,0.0,17831.0,0.0,1.0
xpv55y4lf7c12v8ods0r,5f8040a15e9c0003ae16dc31,2022-01-15 12:28:17.957,4,1,12.0,0.0,15086.0,0.0,1.0
halczr68yiah5g4am9n7,5fc6428f15e0c70437e4d77e,2022-01-15 12:28:16.840,3,2,0.0,43.0,25761.0,0.0,1.0
ebfjv0tc8fsu8y3ndirf,5a945d966475f900019fac27,2022-01-15 12:28:18.601,3,1,30.0,0.0,10948.0,0.0,1.0
r212b79rzvrajmq4n5te,60190c01c8f8bb0009098cda,2022-01-15 12:28:19.175,4,1,52.0,0.0,21883.0,0.0,1.0
d1p27mjsy4bk1r6b8148,5dc5d1f10a493f450cbc6303,2022-01-15 12:28:26.127,2,2,0.0,30.0,12724.0,2.0,1.0
x95irobhw5ygcstiu7ht,60645fe61129208791535d15,2022-01-15 12:28:29.785,1,2,0.0,48.0,18043.0,0.0,1.0
108s6r7c0xxja103dtyn,5e6740dc13d10e4cad3c18e1,2022-01-15 12:28:31.947,3,1,36.0,0.0,16113.0,0.0,1.0
b9sd6n3l90y0s0qhrdam,5c31f23d10677f0001dde511,2022-01-15 12:28:37.569,1,2,0.0,23.0,19012.0,3.0,1.0
53cbz3nzks4m3xut92ui,5e11b39becb3ea84471f493d,2022-01-15 12:28:39.006,2,1,31.0,0.0,15662.0,0.0,1.0
mimqvg73yv27sebpjr71,5eb5cb8ddef42c4ad1456dd9,2022-01-15 12:28:42.678,1,2,0.0,52.0,16996.0,0.0,1.0
wboldsu0y3312ohp6izm,,2022-01-15 12:29:39.743,2,2,0.0,40.0,20059.0,12.0,1.0
26wzxq1xkeviclc7ik18,5ed52e918cdc6708e5da5b2d,2022-01-15 12:28:56.772,2,1,20.0,0.0,14707.0,0.0,1.0
75e02h3rwg8g13p4gw5m,5f5135b9e2b058337c95383f,2022-01-15 12:29:02.542,2,2,0.0,66.0,21873.0,3.0,1.0
xxxiv1r83t230ie0sdx6,5ffdf54a500d7740e02f3639,2022-01-15 12:29:05.545,3,2,0.0,30.0,10348.0,6.0,1.0
n9rrfh6hfxhd15jb1beg,5e94b58fc7296a0a611f0492,2022-01-15 12:29:07.467,2,2,0.0,56.0,26251.0,2.0,1.0
dphibljradggfkjs81lq,5ed315edeed1c218661eb147,2022-01-15 12:29:10.933,4,1,0.0,0.0,0.0,0.0,1.0
7r3shqe7k1q6woexd1mp,5faf02d07581df13bfbde3d6,2022-01-15 12:29:11.048,2,2,0.0,45.0,17471.0,6.0,1.0
8dan4v2c09tlgicqegaj,5e852ca6fdad8f11511558a1,2022-01-15 12:29:11.877,3,1,18.0,0.0,8097.0,0.0,1.0
jjgjqauqnxemo1tri2gs,5f4fb87aaa1c4e0a71d7f265,2022-01-15 12:29:18.044,1,2,0.0,68.0,24537.0,1.0,1.0
m6jwe25e3od0fd9mz60r,5f0ec53ba8ff7b09d279cb0c,2022-01-15 12:29:19.693,2,1,20.0,0.0,7953.0,0.0,1.0
xrywn2uyohun2z43gdfa,5e874ce2a6b352069eae0aa2,2022-01-15 12:32:07.637,2,2,0.0,53.0,25660.0,6.0,1.0
b1y52r0il46wp5ymtzij,5f660626a9151c19b17ba3c8,2022-01-15 12:29:28.022,3,2,0.0,46.0,16142.0,3.0,1.0
dx87ckolme5llwksgbnq,5e650addc1f6e527c4689310,2022-01-15 12:29:32.526,1,2,0.0,40.0,24278.0,6.0,1.0
fv2k6vp19n1q2749w9zn,5af1773a5bbd0b00015ec658,2022-01-15 12:29:32.779,4,2,0.0,64.0,25430.0,1.0,1.0
92jndwofj2ri3u6mdz7j,5fa5b2f859cd8711ad096b6d,2022-01-15 12:29:18.065,2,2,0.0,61.0,20870.0,0.0,1.0
6vgss2iz7y8mnorqdh0x,5ec6d06c67b0da0fb6f85e83,2022-01-15 12:29:41.692,4,1,30.0,0.0,15350.0,0.0,1.0
1brwwftqhvw46hwfzchc,5ca0aae22fd4860001a4d560,2022-01-15 12:29:40.232,1,2,0.0,37.0,17140.0,0.0,1.0
4ufmtkstf91ehz9lf9ua,5ec8116b8a10c50f8eb16ec2,2022-01-15 12:29:41.930,3,1,6.0,0.0,3216.0,0.0,1.0
mudrpfmvuuxrbzk8svh8,5ee71f69982f964bf72b5a51,2022-01-15 12:29:42.027,2,2,0.0,65.0,24926.0,13.0,1.0
27p9a8u5qhzyrtpxr9d8,5fd77bb5246a37086f19c67c,2022-01-15 12:29:44.268,3,1,19.0,0.0,9844.0,0.0,1.0
kz67v91kjxqabtm5uuhm,5f632ea32e85353d93872c67,2022-01-15 12:29:53.789,2,2,0.0,79.0,25843.0,2.0,1.0
khg00a57xx0imxw9xcb4,5e9d9dd04ca6690944caf284,2022-01-15 12:30:00.097,3,2,0.0,64.0,27844.0,0.0,1.0
nrq87ybttk8gok3d91e7,601574b93eee9a631a2c0ef6,2022-01-15 12:30:07.383,3,2,0.0,68.0,24921.0,9.0,1.0
hwon1litum6s8qgr93ti,60ef6aee4984d11c6c0b92e8,2022-01-15 12:30:10.150,4,2,0.0,44.0,15014.0,6.0,1.0
5ue9u2a8oupiratf2c1d,5f99cee5a2a7d109a1624e10,2022-01-15 12:30:15.998,2,2,0.0,24.0,8990.0,2.0,1.0
klb4oev0o42w408qu95q,5debae6c7aeafe29c43806f6,2022-01-15 12:30:19.929,3,2,0.0,27.0,16963.0,4.0,1.0
kl47fnlr38sd2qrc8erk,5d7f460632ee8a0018dc7502,2022-01-15 12:30:26.373,1,2,0.0,64.0,22123.0,0.0,1.0
zav9r2lp45vfu3i2ruql,597f461fbcae9f00014ceacd,2022-01-15 12:30:36.939,4,2,0.0,60.0,23783.0,14.0,1.0
mimqvg73yv27sebpjr71,5eb5cb8ddef42c4ad1456dd9,2022-01-15 12:30:32.774,1,3,37.0,0.0,8150.0,57.0,1.0
2b7thcgvp0gq91ymrqdd,5e5aa95a6175cb295698fd11,2022-01-15 12:30:46.312,4,2,0.0,78.0,28027.0,7.0,1.0
75e02h3rwg8g13p4gw5m,5f5135b9e2b058337c95383f,2022-01-15 12:30:48.582,2,3,57.0,0.0,9758.0,60.0,1.0
ebfjv0tc8fsu8y3ndirf,5a945d966475f900019fac27,2022-01-15 12:30:52.222,3,2,0.0,49.0,15028.0,3.0,1.0
vb30zzk8h1cntc4w9889,5d373c58d8bf24001dc16884,2022-01-15 12:30:53.912,3,2,0.0,37.0,24393.0,5.0,1.0
o6qbaikaeb5o3j2988uc,5f439781d850b5045ffb4af2,2022-01-15 12:31:02.255,3,1,41.0,0.0,16535.0,0.0,1.0
gq85rzp9txotcray3eh0,5f8040a15e9c0003ae16dc31,2022-01-15 12:31:09.442,2,1,38.0,0.0,15403.0,0.0,1.0
r212b79rzvrajmq4n5te,60190c01c8f8bb0009098cda,2022-01-15 12:31:10.819,4,2,0.0,79.0,32011.0,0.0,1.0
53cbz3nzks4m3xut92ui,5e11b39becb3ea84471f493d,2022-01-15 12:31:32.712,2,2,0.0,66.0,23673.0,6.0,1.0
26wzxq1xkeviclc7ik18,5ed52e918cdc6708e5da5b2d,2022-01-15 12:31:38.497,2,2,0.0,40.0,23563.0,0.0,1.0
bs3ib3p1ah4ec2fggg1e,5d243b597efb51001cfb69a5,2022-01-15 12:31:43.332,2,2,0.0,44.0,14063.0,4.0,1.0
92jndwofj2ri3u6mdz7j,5fa5b2f859cd8711ad096b6d,2022-01-15 12:31:30.092,2,3,37.0,0.0,7742.0,54.0,1.0
fv2k6vp19n1q2749w9zn,5af1773a5bbd0b00015ec658,2022-01-15 12:31:59.168,4,3,33.0,0.0,12662.0,56.0,1.0
6vgss2iz7y8mnorqdh0x,5ec6d06c67b0da0fb6f85e83,2022-01-15 12:32:13.655,4,2,0.0,52.0,22967.0,0.0,1.0
27p9a8u5qhzyrtpxr9d8,5fd77bb5246a37086f19c67c,2022-01-15 12:32:14.581,3,2,0.0,33.0,13540.0,0.0,1.0
m6jwe25e3od0fd9mz60r,5f0ec53ba8ff7b09d279cb0c,2022-01-15 12:32:30.202,2,2,0.0,28.0,12239.0,3.0,1.0
52wyl1826yl1qei88bdn,5eaf3e142627076426921b1b,2022-01-15 12:32:24.627,2,1,37.0,0.0,17500.0,0.0,1.0
fpsmqimzxl5wt1evj2bj,5ef25afb8ebcdf0b2b95d9cd,2022-01-15 12:32:31.159,3,1,32.0,0.0,13737.0,0.0,1.0
ebfjv0tc8fsu8y3ndirf,5a945d966475f900019fac27,2022-01-15 12:32:50.114,3,3,21.0,0.0,5553.0,30.0,1.0
4ufmtkstf91ehz9lf9ua,5ec8116b8a10c50f8eb16ec2,2022-01-15 12:32:55.799,3,2,0.0,14.0,4108.0,4.0,1.0
r212b79rzvrajmq4n5te,60190c01c8f8bb0009098cda,2022-01-15 12:33:07.090,4,3,33.0,0.0,14467.0,41.0,1.0
6vgss2iz7y8mnorqdh0x,5ec6d06c67b0da0fb6f85e83,2022-01-15 12:33:53.089,4,3,73.0,0.0,9907.0,80.0,1.0
4ufmtkstf91ehz9lf9ua,5ec8116b8a10c50f8eb16ec2,2022-01-15 12:34:02.096,3,3,6.0,0.0,1214.0,0.0,1.0
o6qbaikaeb5o3j2988uc,5f439781d850b5045ffb4af2,2022-01-15 12:34:20.776,3,2,0.0,71.0,23975.0,12.0,1.0
fpsmqimzxl5wt1evj2bj,5ef25afb8ebcdf0b2b95d9cd,2022-01-15 12:34:47.887,3,2,0.0,51.0,17711.0,5.0,1.0
52wyl1826yl1qei88bdn,5eaf3e142627076426921b1b,2022-01-15 12:35:01.573,2,2,0.0,68.0,23227.0,17.0,1.0
5w5zbqryk2qxrot3ee2j,5fc111e958f8f00ac5052d64,2022-01-15 12:37:09.812,2,1,23.0,0.0,14419.0,0.0,1.0
6r9jh85343359efzvwq0,5ff797b72ac13349beac1906,2022-01-15 12:38:40.098,1,1,21.0,0.0,10535.0,0.0,1.0
mnvlrciaue15roajr8a8,5f9c5b04b6dc1f0e57fb3f67,2022-01-15 12:39:22.622,3,1,26.0,0.0,13684.0,0.0,1.0
5w5zbqryk2qxrot3ee2j,5fc111e958f8f00ac5052d64,2022-01-15 12:39:43.210,2,2,0.0,56.0,18057.0,13.0,1.0
6r9jh85343359efzvwq0,5ff797b72ac13349beac1906,2022-01-15 12:41:40.615,1,2,0.0,38.0,15393.0,1.0,1.0
mnvlrciaue15roajr8a8,5f9c5b04b6dc1f0e57fb3f67,2022-01-15 12:42:14.679,3,2,0.0,66.0,26030.0,0.0,1.0
mnvlrciaue15roajr8a8,5f9c5b04b6dc1f0e57fb3f67,2022-01-15 12:44:41.943,3,3,36.0,0.0,10367.0,63.0,1.0
m1baq1b872oemcnrkxlb,5f136634744bae3689117234,2022-01-15 12:50:48.535,3,1,14.0,0.0,6412.0,0.0,1.0
m1baq1b872oemcnrkxlb,5f136634744bae3689117234,2022-01-15 12:53:12.119,3,2,0.0,34.0,9148.0,4.0,1.0
995b1k7m6l5p2q8xwoj4,613a972033d79df11a6570de,2022-01-15 13:06:00.033,4,1,6.0,0.0,5716.0,0.0,1.0
bos0t5ckxhgdhe55tkr1,5b339152afe1d00001c6c509,2022-01-15 13:08:07.106,1,1,34.0,0.0,14966.0,0.0,1.0
995b1k7m6l5p2q8xwoj4,613a972033d79df11a6570de,2022-01-15 13:08:43.966,4,2,0.0,6.0,2035.0,0.0,1.0
bos0t5ckxhgdhe55tkr1,5b339152afe1d00001c6c509,2022-01-15 13:12:55.400,1,2,0.0,62.0,22271.0,6.0,1.0
bos0t5ckxhgdhe55tkr1,5b339152afe1d00001c6c509,2022-01-15 13:15:34.109,1,3,41.0,0.0,12715.0,47.0,1.0
kztptphohz8huwxkqlf5,,2022-01-16 14:08:09.582,4,1,35.0,0.0,20375.0,0.0,1.0
bpq4u8y9kbr4pier0tvo,61560409c9e298bf8e54dc2e,2022-01-16 14:09:45.533,4,1,0.0,0.0,9331.0,0.0,1.0
xi4wjbjp81x98uq74byo,55ae159cfdf99b1bc8ac85e5,2022-01-16 14:10:08.311,4,1,24.0,0.0,17735.0,0.0,1.0
ucsso0itigwopcoxonjl,60b7be9f5e3d9290ded3bedf,2022-01-16 14:10:10.707,4,1,25.0,0.0,14999.0,0.0,1.0
yalgup42nhfer0qkh6j0,5abb9bcff69e940001d9171e,2022-01-16 14:10:25.130,4,1,22.0,0.0,14428.0,0.0,1.0
kztptphohz8huwxkqlf5,,2022-01-16 14:10:40.895,4,2,0.0,25.0,10953.0,7.0,1.0
0ktugc83ueedkauwi3tq,5dfa9ce27dd4777fa9cd85f6,2022-01-16 14:10:55.333,4,1,0.0,0.0,10636.0,0.0,1.0
l6zm6wp85b1crqrecayn,5d52f8d73826ad0019fb15ad,2022-01-16 14:11:04.294,4,1,34.0,0.0,15537.0,0.0,1.0
3el7lp6rjbmutt3uyuhf,60fdb3b4f273d843cf198a71,2022-01-16 14:11:10.909,4,1,7.0,0.0,10377.0,0.0,1.0
rh55ev8s1tqnnwp2lrs7,5efa4a03f317f187634fb535,2022-01-16 14:11:39.488,4,1,45.0,0.0,17337.0,0.0,1.0
ucsso0itigwopcoxonjl,60b7be9f5e3d9290ded3bedf,2022-01-16 14:12:51.176,4,2,0.0,36.0,17332.0,4.0,1.0
upllotjkk119vgg5w3dx,5b6b63181b61b60001bbc720,2022-01-16 14:12:54.123,4,1,21.0,0.0,15139.0,0.0,1.0
xi4wjbjp81x98uq74byo,55ae159cfdf99b1bc8ac85e5,2022-01-16 14:12:56.991,4,2,0.0,45.0,25919.0,2.0,1.0
bpo395yzy3l1rdlltxmw,5eb73ed2f088d60ff72609a3,2022-01-16 14:13:01.312,4,1,23.0,0.0,15014.0,0.0,1.0
yalgup42nhfer0qkh6j0,5abb9bcff69e940001d9171e,2022-01-16 14:13:57.122,4,2,0.0,52.0,21599.0,2.0,1.0
l6zm6wp85b1crqrecayn,5d52f8d73826ad0019fb15ad,2022-01-16 14:14:50.275,4,2,0.0,56.0,20923.0,0.0,1.0
rh55ev8s1tqnnwp2lrs7,5efa4a03f317f187634fb535,2022-01-16 14:14:52.422,4,2,0.0,84.0,27475.0,13.0,1.0
bpo395yzy3l1rdlltxmw,5eb73ed2f088d60ff72609a3,2022-01-16 14:15:50.424,4,2,0.0,35.0,24609.0,0.0,1.0
yalgup42nhfer0qkh6j0,5abb9bcff69e940001d9171e,2022-01-16 14:16:05.009,4,3,54.0,0.0,5947.0,61.0,1.0
l6zm6wp85b1crqrecayn,5d52f8d73826ad0019fb15ad,2022-01-16 14:17:07.118,4,3,66.0,0.0,10363.0,67.0,1.0
upllotjkk119vgg5w3dx,5b6b63181b61b60001bbc720,2022-01-16 14:17:09.312,4,2,0.0,43.0,26030.0,0.0,1.0
69mr2se58mcdnfh3txxk,5ab10212fb22320001bacdfe,2022-01-16 14:48:54.590,1,1,34.0,0.0,12763.0,0.0,1.0
74ip3lpiavs3v7mig7n2,5b12f9d81e55760001b9f397,2022-01-16 14:49:56.197,1,1,28.0,0.0,16329.0,0.0,1.0
e9jl7ewn2ypv1fehulkg,5f456743ffe9f514a492e49a,2022-01-16 14:49:57.179,1,1,43.0,0.0,18129.0,0.0,1.0
wgnt8buup1hxk1vmbwln,5c4b033f894d390001f80468,2022-01-16 14:50:23.266,1,1,8.0,0.0,4065.0,0.0,1.0
mqmnubrv47l3eexwghsd,5f5df4a6e585c364e75e1887,2022-01-16 14:50:27.607,1,1,19.0,0.0,8347.0,0.0,1.0
9u2lou47jpdej4avd85b,60424b2ceea5960b427f14ec,2022-01-16 14:50:34.744,1,1,24.0,0.0,14078.0,0.0,1.0
97e72b19q2ftd5vf6xpt,5cd74735c78b7d0001f9b364,2022-01-16 14:50:51.433,2,1,0.0,0.0,0.0,0.0,1.0
91sj1wzlov9nn18hxy9f,5cc4460d0f495500018bebb5,2022-01-16 14:51:03.611,2,1,43.0,0.0,18595.0,0.0,1.0
69mr2se58mcdnfh3txxk,5ab10212fb22320001bacdfe,2022-01-16 14:51:21.239,1,2,0.0,59.0,18911.0,1.0,1.0
7etbbb131ro58ifzeyq1,5eea5a4660980e0bf81750b1,2022-01-16 14:51:29.255,2,1,20.0,0.0,9336.0,0.0,1.0
oficbvguvudyfkpo5wxj,5eb2d24b49e6af070e6c5fef,2022-01-16 14:51:41.282,1,1,14.0,0.0,6806.0,0.0,1.0
fuok7hzj421wlwt26j16,5f5b2a65cb0a65239532cd00,2022-01-16 14:52:01.559,1,1,23.0,0.0,9067.0,0.0,1.0
koioco2d8nk4r4drpk5p,5fb80c9c8e8e9623c3e8a014,2022-01-16 14:52:10.696,2,1,49.0,0.0,19919.0,0.0,1.0
8mh3rs4zlshax6ukkr2q,5fb5a0b59ba3a512d93382b7,2022-01-16 14:52:15.325,1,1,29.0,0.0,17179.0,0.0,1.0
74ip3lpiavs3v7mig7n2,5b12f9d81e55760001b9f397,2022-01-16 14:52:26.553,1,2,0.0,54.0,20270.0,19.0,1.0
wgnt8buup1hxk1vmbwln,5c4b033f894d390001f80468,2022-01-16 14:52:31.806,1,2,0.0,28.0,10651.0,2.0,1.0
mqmnubrv47l3eexwghsd,5f5df4a6e585c364e75e1887,2022-01-16 14:52:36.173,1,2,0.0,24.0,11985.0,4.0,1.0
e9jl7ewn2ypv1fehulkg,5f456743ffe9f514a492e49a,2022-01-16 14:53:00.046,1,2,0.0,80.0,26980.0,0.0,1.0
91sj1wzlov9nn18hxy9f,5cc4460d0f495500018bebb5,2022-01-16 14:53:28.308,2,2,0.0,64.0,28123.0,5.0,1.0
7etbbb131ro58ifzeyq1,5eea5a4660980e0bf81750b1,2022-01-16 14:53:55.541,2,2,0.0,19.0,10996.0,1.0,1.0
oficbvguvudyfkpo5wxj,5eb2d24b49e6af070e6c5fef,2022-01-16 14:54:19.112,1,2,0.0,23.0,13334.0,0.0,1.0
8mh3rs4zlshax6ukkr2q,5fb5a0b59ba3a512d93382b7,2022-01-16 14:54:55.814,1,2,0.0,70.0,28238.0,1.0,1.0
ia5clxar2cxkym695rar,605baba8fd1a498fb4991a30,2022-01-16 14:54:54.691,1,1,30.0,0.0,15820.0,0.0,1.0
koioco2d8nk4r4drpk5p,5fb80c9c8e8e9623c3e8a014,2022-01-16 14:54:55.479,2,2,0.0,88.0,29174.0,8.0,1.0
jz5ut00iuddc1ti34rnm,5c86d4f7d7c01f001660d938,2022-01-16 14:54:54.478,1,1,44.0,0.0,20063.0,0.0,1.0
e9jl7ewn2ypv1fehulkg,5f456743ffe9f514a492e49a,2022-01-16 14:55:11.142,1,3,60.0,0.0,12489.0,61.0,1.0
oficbvguvudyfkpo5wxj,5eb2d24b49e6af070e6c5fef,2022-01-16 14:56:16.158,1,3,18.0,0.0,4123.0,42.0,1.0
koioco2d8nk4r4drpk5p,5fb80c9c8e8e9623c3e8a014,2022-01-16 14:56:46.066,2,3,58.0,0.0,13934.0,63.0,1.0
ia5clxar2cxkym695rar,605baba8fd1a498fb4991a30,2022-01-16 14:57:26.363,1,2,0.0,46.0,26347.0,0.0,1.0
jz5ut00iuddc1ti34rnm,5c86d4f7d7c01f001660d938,2022-01-16 14:58:43.942,1,2,0.0,73.0,27398.0,3.0,1.0
jz5ut00iuddc1ti34rnm,5c86d4f7d7c01f001660d938,2022-01-16 15:00:55.985,1,3,46.0,0.0,11879.0,50.0,1.0
